,Hotel,Overview,Location,Hotel_imgURL,Distance,Price,Ratings
0,Erivy Kenyan Paradise,One-Bedroom Apartment,Nairobi,https://cf.bstatic.com/xdata/images/hotel/square240/511175372.webp?k=42152b28b4b3dfee3c43b93136f9e05f99d6520b8edbbf23ccc2bc509d3ddd06&o=,4.2 km from downtown,"Price KES 95,521",Scored 8.1 
1,Marrkson Suites,Standard Double Room,"Kilimani, Nairobi",https://cf.bstatic.com/xdata/images/hotel/square240/406097728.webp?k=87bf6d523cc8ae27c1a62e0ba96df81224ad729f72c18109ee5d913ac7341651&o=,2.5 km from downtown,"Price KES 190,323",Scored 7.8 
2,Epitome Times Hotel,Budget Double Room,"Nairobi CBD, Nairobi",https://cf.bstatic.com/xdata/images/hotel/square240/530057449.webp?k=a40888b93b67a99ac8364fef965e8a3a31dfb9e0f17b43d301ec81f79c81b9b7&o=,1.6 km from downtown,"Price KES 36,844",Scored 6.8 
3,Fahari Bliss Hotel,Standard Double Room,"Nairobi CBD, Nairobi",https://cf.bstatic.com/xdata/images/hotel/square240/531447769.webp?k=eccbf197a94849211a494a0587449b17daa5b7fb80a881e139001d994ad09789&o=,1.2 km from downtown,"Price KES 38,783",Scored 5.9 
4,Plus254 Hotel,Studio,Nairobi,https://cf.bstatic.com/xdata/images/hotel/square240/468350674.webp?k=0b26a9cb82ae9fd2cec4a729f22cd8ca1a1d2016bd51c93fa56348db87d68494&o=,1.6 km from downtown,"Price KES 42,122",Scored 7.0 
5,City Space Hotel,Standard Double Room,"Nairobi CBD, Nairobi",https://cf.bstatic.com/xdata/images/hotel/square240/531799953.webp?k=251868e760a13d7cdeda8390f2c63d36415dc53af1f3fb030a429d11971b5c31&o=,1.5 km from downtown,"Price KES 45,247",Scored 6.5 
6,Sislink Suites,Standard Double Room,"Nairobi CBD, Nairobi",https://cf.bstatic.com/xdata/images/hotel/square240/544839425.webp?k=a472d2cd3ba1b34f9fdb6f0b5d33a9490fb2e92cba16550be61a77f8af0d0e79&o=,1.5 km from downtown,"Price KES 48,091",Scored 6.6 
7,The Obama Mansion,Two-Bedroom Apartment,Nairobi,https://cf.bstatic.com/xdata/images/hotel/square240/496800477.webp?k=9ed8eeff459055e3e05bcec94e5a55e5c36eb69b3b2f400531bce2bcc0e6cb62&o=,12.7 km from downtown,Scored 7.1 ,This property matches your criteria and may be ranked higher in your search results. It will pay us a higher commission if you make a booking.
8,Attic place or Oak place,One-Bedroom Apartment,Nairobi,https://cf.bstatic.com/xdata/images/hotel/square240/570021260.webp?k=f65b3f386ed11aaf54ffe0c95dc86b351adcc8742b914fcbbba928ed127b0e70&o=,3.9 km from downtown,"Price KES 51,890",Opens in new window
9,Elegant studio apartment,Studio Apartment with Queen Bed,Nairobi,https://cf.bstatic.com/xdata/images/hotel/square240/569936129.webp?k=0c513dd6ebdc86a141c6df2b2cfb9c2056466b5667cda3125036945d39b87118&o=,10 km from downtown,Opens in new window,"Price KES 42,733"
10,New West Suite Studio,Studio,Nairobi,https://cf.bstatic.com/xdata/images/hotel/square240/567568074.webp?k=ede4b669f2cdad0ce370035e67acc27ae4ea396cb13ba159e75c368603ecde3a&o=,3.1 km from downtown,Scored 9.0 ,Opens in new window
11,Roysambu Serene Accommodation,One-Bedroom Apartment,Nairobi,https://cf.bstatic.com/xdata/images/hotel/square240/558650754.webp?k=f287b76502694e495075dc178c36d1b76d45dbe20f361c6c53e1c1552f41adf8&o=,11 km from downtown,"Original price KES 104,390. Current price KES 83,512.",Opens in new window
12,"Alpha Modern Two bedroom, Ruaka, Nairobi",Two-Bedroom Apartment,Nairobi,https://cf.bstatic.com/xdata/images/hotel/square240/555348701.webp?k=fe31fa782229b182b951a9e64412efe18cb764e597a2ed26619cbceaf74a9e79&o=,9.9 km from downtown,Opens in new window,"Price KES 61,047"
13,Glamorous View (II),Two-Bedroom Apartment,Nairobi,https://cf.bstatic.com/xdata/images/hotel/square240/560973609.webp?k=47ac875dd7bff5c7b1fb8fde7db181bd019af0a6fbafecd4e1e0c765e82f8f8a&o=,13.2 km from downtown,"Original price KES 55,301. Current price KES 42,733.",Opens in new window
14,Sifa Homes Syokimau,One-Bedroom Apartment,Nairobi,https://cf.bstatic.com/xdata/images/hotel/square240/551417568.webp?k=f660f14c8639fec63761e7ed896965080f102b2d83b118735c1cb105325c8d9d&o=,15 km from downtown,"Price KES 45,785",Scored 2.0 
15,Tranquil Haven studio,One-Bedroom Apartment,Nairobi,https://cf.bstatic.com/xdata/images/hotel/square240/568568033.webp?k=87882e3146790e25db2a6e33a91e503174276e67c4cdd115e313e4fe464d717f&o=,14.3 km from downtown,Opens in new window,"Price KES 106,832"
16,West suite newly furnished,One-Bedroom Apartment,Nairobi,https://cf.bstatic.com/xdata/images/hotel/square240/570131372.webp?k=fb632ccf8c7014d594cd8cae677fac002bca2db6905c1172aaedaf8b334619dc&o=,3.1 km from downtown,Opens in new window,"Original price KES 58,354. Current price KES 31,421."
17,Jayhomes,One-Bedroom Apartment,"Gigiri, Nairobi",https://cf.bstatic.com/xdata/images/hotel/square240/572127596.webp?k=8ca37f65335ad977c82193f95316754742633336c9f112aed1f553a322cbbe3f&o=,7.4 km from downtown,"Price KES 54,942",Opens in new window
18,Comfort Den kinoo,One-Bedroom Apartment,Nairobi,https://cf.bstatic.com/xdata/images/hotel/square240/544532866.webp?k=bae9df3df7240c6594dfb63ad07084e8ea8ad7e1479e53c079eecf7d4f02b202&o=,14.8 km from downtown,Opens in new window,"Price KES 46,683"
19,Grace Residence,Studio,Nairobi,https://cf.bstatic.com/xdata/images/hotel/square240/487990882.webp?k=8c966ec1f792aef1d3786a2996e0cfab5068cfa1db3cc7ed89bdce409b68942f&o=,10.1 km from downtown,Opens in new window,"Price KES 38,633"
20,Maya Nest Lounge,One-Bedroom Apartment,Nairobi,https://cf.bstatic.com/xdata/images/hotel/square240/572975192.webp?k=d4e59ae5309c01ac92600c610c84f176392fcd2da0b22f903eaf20756135b353&o=,9.6 km from downtown,Opens in new window,"Price KES 151,980"
21,Nylah Homes,One-Bedroom Apartment,Nairobi,https://cf.bstatic.com/xdata/images/hotel/square240/565026466.webp?k=5d5c8e1802f689553f662a019782240fc7abfb1e858ebdf008fdffea47597ce1&o=,11.5 km from downtown,Scored 7.9 ,Opens in new window
22,Comfy Studio Apartment with Pool,Queen Room with Garden View,Nairobi,https://cf.bstatic.com/xdata/images/hotel/square240/550536252.webp?k=8cb01cea100f2d69b1e4dd3b235dc6caf81a8f436016436491750e4200909468&o=,10.1 km from downtown,Scored 8.1 ,Opens in new window
23,Kilimani kile apartment,Two-Bedroom Apartment,Nairobi,https://cf.bstatic.com/xdata/images/hotel/square240/399399329.webp?k=5cd14c9e27a4e22d56afcee472808cacea3c850808e095e30a000d4740611e12&o=,4.3 km from downtown,Scored 7.3 ,Opens in new window
24,Edenville Thindigua Kiambu road,One-Bedroom Apartment,Nairobi,https://cf.bstatic.com/xdata/images/hotel/square240/572430983.webp?k=87c211f5aba2b3aaef37320fa9826491a118777913e35cf6be14227c221eda37&o=,10.4 km from downtown,Scored 8.6 ,Opens in new window
25,Airport Studio Apartments-JKIA,Superior Studio,Nairobi,https://cf.bstatic.com/xdata/images/hotel/square240/500038271.webp?k=167adb6ce6252b98c73f6a91b87dc521013f37078f084e7954e1d94a0247782a&o=,15.4 km from downtown,"Original price KES 76,309. Current price KES 61,047.",Opens in new window
26,KenGen Furnished and Serviced Apartments,One-Bedroom Apartment,Nairobi,https://cf.bstatic.com/xdata/images/hotel/square240/305198051.webp?k=5d77086046eaeb8aee300e39b682cf77533bbf19cab602b4ecc5da562a5a5e40&o=,2.5 km from downtown,Opens in new window,"Price KES 88,877"
27,"Jayson Furnished Apartment, Nairobi",One-Bedroom Apartment,Nairobi,https://cf.bstatic.com/xdata/images/hotel/square240/314072357.webp?k=c40cb9e7362c2b0cbd01cf3ae7f053cd6779b265c112e7a42e8b7ad2bb2d12d6&o=,4 km from downtown,Opens in new window,"Price KES 70,204"
28,MANI HOMES,Double Room with Private Bathroom,"Lavington, Nairobi",https://cf.bstatic.com/xdata/images/hotel/square240/518961976.webp?k=17e2044ec97cb142a87460d85491899354e55b8744469e507d75c23bbfa16ae8&o=,3.5 km from downtown,"Price KES 100,548",Opens in new window
29,Judy stays,Double Room,Nairobi,https://cf.bstatic.com/xdata/images/hotel/square240/549031229.webp?k=6bbf0891d1a6a9dceb90b46f987eea3c11476f6ca1c22740589412607367f132&o=,9.7 km from downtown,Opens in new window,"Price KES 90,493"
30,Curtway Homes Tsavo 90Degrees,One-Bedroom Apartment,Nairobi,https://cf.bstatic.com/xdata/images/hotel/square240/565216624.webp?k=11104690d02daec42dd86dceb27402e1dc1922eaaa8b67edbe0a58c66367e862&o=,9.8 km from downtown,Opens in new window,"Price KES 148,667"
31,Sunny Serene Studio Chic Comfort Near UN,One-Bedroom Apartment,"Runda, Nairobi",https://cf.bstatic.com/xdata/images/hotel/square240/566334294.webp?k=1dbc8d8970d1044cab3b130e8fa543c76aca1bc2fde42fca574333e9799a0029&o=,8.5 km from downtown,Opens in new window,"Original price KES 343,069. Current price KES 308,762."
32,Znaishomes - garden estate Nairobi,One-Bedroom Apartment,Nairobi,https://cf.bstatic.com/xdata/images/hotel/square240/505835720.webp?k=ca73e1407736f306458dd04733f11f43d98e44435353284c3e4ff1731dbafd1c&o=,9.1 km from downtown,Opens in new window,"Price KES 67,870"
33,Swanky Stays I,Double Room,Nairobi,https://cf.bstatic.com/xdata/images/hotel/square240/561652624.webp?k=5f910a48290ef4938bd8a442ba0bf14a6df68e7ed94a5c5aa736d9935ec338ce&o=,22 km from downtown,Opens in new window,"Original price KES 98,752. Current price KES 62,842."
34,Cyrihomes,One-Bedroom Apartment with Balcony and Mountain View  ,Nairobi,https://cf.bstatic.com/xdata/images/hotel/square240/570276828.webp?k=c77940207bcfc929ea17db2ab0cd4a8afe7c3d97f9af6a79e0700b0a722a7c50&o=,6 km from downtown,Opens in new window,"Price KES 41,368"
35,Corat Africa Hotel,Standard Double Room,Nairobi,https://cf.bstatic.com/xdata/images/hotel/square240/199902802.webp?k=1f3372109ecb048a744404775138fa71709c7b1aa9ef8687831d2a0498b942c0&o=,9.8 km from downtown,Scored 7.9 ,Opens in new window
36,Swiss-Belinn Nairobi,Superior Double Room,Nairobi,https://cf.bstatic.com/xdata/images/hotel/square240/522909586.webp?k=e41497c41c331953dde4045e660bace96a6d85ed419a25d05ba6dc5f28222d47&o=,3.7 km from downtown,"Price KES 61,047",Opens in new window
37,ALMASI AIRPORT HOMES,Deluxe Queen Studio ,Nairobi,https://cf.bstatic.com/xdata/images/hotel/square240/552242670.webp?k=516fa072b5898e264ad755fb4eff8ad6b9e5e8ee9798b766b3f3f0e66d927fe0&o=,15.2 km from downtown,Opens in new window,"Price KES 57,995"
38,Sparkle Homes,One-Bedroom Apartment,Nairobi,https://cf.bstatic.com/xdata/images/hotel/square240/544477782.webp?k=b9f89f4f2370ed30230b2f4da57f51b99fa604ce088e4c8f94446c08ee213df7&o=,4.4 km from downtown,Scored 9.5 ,Opens in new window
39,Space Studio Bnb,One-Bedroom Apartment,Nairobi,https://cf.bstatic.com/xdata/images/hotel/square240/498301107.webp?k=bde8c1d0adce41cb11b9326fa8f044f6dee58bdca06c9e330e99a459f4e0c7f0&o=,11.1 km from downtown,Scored 10 ,Opens in new window
40,Blue Haven,One-Bedroom Apartment,Nairobi,https://cf.bstatic.com/xdata/images/hotel/square240/555947088.webp?k=68e42b6e63ac3d1d547460af6e014def86d02aa2d90da131775bf5101090de32&o=,11 km from downtown,Scored 9.6 ,Opens in new window
41,Kandiz Exquisite,One-Bedroom Apartment,"Lavington, Nairobi",https://cf.bstatic.com/xdata/images/hotel/square240/448072593.webp?k=e0aaf43d9552395c930af7cff0553404f161d66dfa5b81485bb598d990c21407&o=,4.1 km from downtown,Scored 7.9 ,Opens in new window
42,46 residency,One-Bedroom Apartment,Nairobi,https://cf.bstatic.com/xdata/images/hotel/square240/561769947.webp?k=64b222e67f405905c075fa49e3f29c651b9f68280b7e85f2b6d7a398e665d20d&o=,8.7 km from downtown,Scored 10 ,Opens in new window
43,Thika Road Haven,Two-Bedroom Apartment,Nairobi,https://cf.bstatic.com/xdata/images/hotel/square240/532005022.webp?k=bcf0e50473dbd9a29e7de762105f39153ddce087dce52921adf3419373df0890&o=,16.5 km from downtown,Scored 4.5 ,Opens in new window
44,"Spectacular 2 bedroom Apt, In Valley Arcade Mall",Two-Bedroom Apartment,"Kilimani, Nairobi",https://cf.bstatic.com/xdata/images/hotel/square240/573209727.webp?k=856197758781b9059596bf9c011d58ce4ec1681ee367c828640fbf4a6fce3c6e&o=,5.7 km from downtown,"Price KES 37,705",Opens in new window
45,The Hills View,Two-Bedroom Apartment,"Kilimani, Nairobi",https://cf.bstatic.com/xdata/images/hotel/square240/544710681.webp?k=0f91b91dc6ea4e8b84e61c764852043d382f056150d2844451480af67c4e1b95&o=,3.2 km from downtown,"Price KES 183,141",Scored 8.0 
46,The Alluring Condo,One-Bedroom Apartment,"Kilimani, Nairobi",https://cf.bstatic.com/xdata/images/hotel/square240/573134989.webp?k=185ef2105f16a59aa48c5849f4237185057f1b8634d2033b3f076935baef06e5&o=,4.6 km from downtown,"Price KES 156,208",Scored 7.9 
47,Comfort Studio,One-Bedroom Apartment,Nairobi,https://cf.bstatic.com/xdata/images/hotel/square240/521026901.webp?k=fd136db64540382e0e496d9afa9d146024aa05ac7105d021627c4f202b4f8984&o=,2.3 km from downtown,"Price KES 79,002",Scored 6.1 
48,Budget Studio Apartment - with Fast Wifi and Netflix,One-Bedroom Apartment,"Nairobi CBD, Nairobi",https://cf.bstatic.com/xdata/images/hotel/square240/479523616.webp?k=2e3cca39b662507e8de24e9456f2d3dcf5fb89687af80a0ce01d5d5f4fd7dc61&o=,1.5 km from downtown,"Price KES 54,009",This property matches your criteria and may be ranked higher in your search results. It will pay us a higher commission if you make a booking.
49,Sparkles Homes,Standard Double Room,Nairobi,https://cf.bstatic.com/xdata/images/hotel/square240/507531636.webp?k=6dff6f83d7d74684a43f214cf7fc91e0408568d03cb5376f3175075164d456e6&o=,13.6 km from downtown,"Original price KES 197,505. Current price KES 167,879.",Scored 8.3 
50,Deckar City B&B,Double Room,Nairobi,https://cf.bstatic.com/xdata/images/hotel/square240/561066904.webp?k=1dc4fa58931898e3fb42002476389e41532b18957d5b0332efd45182b82da4fc&o=,2 km from downtown,"Price KES 76,758",Scored 8.2 
51,Gg Apartment,Double Room,Nairobi,https://cf.bstatic.com/xdata/images/hotel/square240/501566700.webp?k=e94d46a5aabf53759e476c5c1978a3a8310eaf0cdd81f07f47eb80a82512fa06&o=,11.1 km from downtown,Opens in new window,"Price KES 238,694"
52,The Crooner Lounge,Double Room with Mountain View,"Kilimani, Nairobi",https://cf.bstatic.com/xdata/images/hotel/square240/544914684.webp?k=f7a4b59c6a54eb15a94ffd7960b18a8857ba1b0b23f6cbb413dae81c888390ea&o=,4.5 km from downtown,Opens in new window,"Price KES 42,733"
53,Woodmere Serviced Apartment,Standard Studio,"Kilimani, Nairobi",https://cf.bstatic.com/xdata/images/hotel/square240/70051138.webp?k=f0a504309b267b8dc363986194adc80f00b1d3844ca37e2f9f04890cb6056c91&o=,3.1 km from downtown,Opens in new window,"Price KES 218,153"
54,Jupiter Guest Resort - Langata,Standard Double Room,"Nairobi CBD, Nairobi",https://cf.bstatic.com/xdata/images/hotel/square240/496246256.webp?k=8f2fb0533c817c746a0dced70b30edeb5cc530c7a8e5e7125abbce09c9d687bc&o=,200 m from downtown,Opens in new window,"Price KES 155,131"
55,Ongata Rongai Studio,One-Bedroom Apartment,Nairobi,https://cf.bstatic.com/xdata/images/hotel/square240/497892469.webp?k=142a2039a003097e06d36493d3cec76f3646b569123a3c8f38dab3566c16cec9&o=,12.5 km from downtown,Scored 8.2 ,Opens in new window
56,2 Bedroom Luxury Apartment In Kilimani,Two-Bedroom Apartment,"Kilimani, Nairobi",https://cf.bstatic.com/xdata/images/hotel/square240/357080519.webp?k=d9a16cb93fd8d09766262f78470d2a200443e67905e6f71a63521c958dff6f73&o=,4.3 km from downtown,Scored 3.0 ,Opens in new window
57,Dukes Suites,One-Bedroom Apartment,"Kilimani, Nairobi",https://cf.bstatic.com/xdata/images/hotel/square240/524701900.webp?k=2456dc27bf46a6f243c12b2a1fedb912b33e018a694b5721d96baeb49c6d81bf&o=,2.9 km from downtown,Scored 8.1 ,Opens in new window
58,Joda Apartment TWO bed Kilimani,Two-Bedroom Apartment,"Kilimani, Nairobi",https://cf.bstatic.com/xdata/images/hotel/square240/574229537.webp?k=dde4ac7dd29ccbb80d261e202fe8906eebfe142b84e688fb3eedbdcd504b8383&o=,3.9 km from downtown,"Price KES 61,047",Opens in new window
59,Modern studio in donholm near greenspan mall,Double Room with Private Bathroom,Nairobi,https://cf.bstatic.com/xdata/images/hotel/square240/526236551.webp?k=a4d266c71f3fb74160053c19cbebbd9d8dfb53091b64c8697cc780988b1f9267&o=,8.5 km from downtown,Opens in new window,"Price KES 50,274"
60,Prestige Riara 2 Bedroom Apartments,Two-Bedroom Apartment,"Kilimani, Nairobi",https://cf.bstatic.com/xdata/images/hotel/square240/270002054.webp?k=addc5305bf0388c1cfc7000eac8689ca61220316f397e67bd9451ba52cf9a5ba&o=,6.2 km from downtown,Opens in new window,"Price KES 87,224"
61,Desmond Tutu Conference Centre,Queen Room with Balcony,Nairobi,https://cf.bstatic.com/xdata/images/hotel/square240/311402841.webp?k=fadfc70a296c8b921f61cc925d0516933eb0225ef40e71b5bf41da8d6ce8e0ac&o=,5.2 km from downtown,Opens in new window,"Original price KES 355,509. Current price KES 319,958."
62,Secluded Cozy Stay in Ruaka,One-Bedroom Apartment,Nairobi,https://cf.bstatic.com/xdata/images/hotel/square240/534620479.webp?k=fefcaf59a3547df074ae8222618a0f20f8a8a1dd8072091528374d5fab977ce2&o=,9.8 km from downtown,Opens in new window,"Price KES 211,939"
63,Cozy Stead,Single Room,"Gigiri, Nairobi",https://cf.bstatic.com/xdata/images/hotel/square240/408846853.webp?k=7b57e270a0e67905f41acda1ac376346150bec0a10675cde78013b2b8eebaf55&o=,6.8 km from downtown,Opens in new window,"Price KES 38,208"
64,Chellys Home,One-Bedroom Apartment,Nairobi,https://cf.bstatic.com/xdata/images/hotel/square240/564332560.webp?k=177614cb1ada6c7a08793779f8205f8a5d1bf40c6a384081880b5a1e4fd1512f&o=,8.7 km from downtown,Scored 8.3 ,Opens in new window
65,Tranquil Haven Stays-Utawala,One-Bedroom Apartment,Nairobi,https://cf.bstatic.com/xdata/images/hotel/square240/486220842.webp?k=63c964986f9db27f4891db2c2f5d2b09d3c467d774e00278eafdfaa54a35a0f9&o=,13.7 km from downtown,Scored 8.5 ,Opens in new window
66,Makao Apartment,One-Bedroom Apartment,Nairobi,https://cf.bstatic.com/xdata/images/hotel/square240/501347130.webp?k=8a41bcf57d6c0a0f8a0f08deebd1d4ba572c3b8fa09a5bdf96efd620ca96e126&o=,9.9 km from downtown,"Price KES 67,152",Opens in new window
67,Tsavo 90degres,Double Room with Private Bathroom,Nairobi,https://cf.bstatic.com/xdata/images/hotel/square240/495034291.webp?k=b847b92b0a93ee5ea50d78e41a675b0f6fe1acfa1c0b8272f601b49ac1add463&o=,13.8 km from downtown,Opens in new window,"Price KES 42,733"
68,Serene Stays - JKIA,Three-Bedroom Apartment,Nairobi,https://cf.bstatic.com/xdata/images/hotel/square240/567929485.webp?k=7542c6c6b7e7f3d50ff5d03cbcf7edc21f3632c6d4893ca7e28af40ea024d8b9&o=,15.8 km from downtown,Opens in new window,"Price KES 59,700"
69,DB Space,Deluxe Double Room with Shower,"Gigiri, Nairobi",https://cf.bstatic.com/xdata/images/hotel/square240/448506869.webp?k=372388ddadc2f1230418877f6b11164fefe9ab0fdb0a031175980e2b109f13af&o=,7.1 km from downtown,Opens in new window,"Price KES 64,638"
70,Art-inspired 3BR Apartment,Three-Bedroom Apartment,"Kilimani, Nairobi",https://cf.bstatic.com/xdata/images/hotel/square240/429774073.webp?k=6a951295e3f4197443df1bcb73a638a0b8f4ba9c0e3ed877ec15ffaa05cc4793&o=,5.3 km from downtown,Opens in new window,"Price KES 215,460"
71,Amari Apartment,One-Bedroom Apartment,Nairobi,https://cf.bstatic.com/xdata/images/hotel/square240/473507904.webp?k=89765ae5918a5d3d234c51c62e1cc1b52b3419ae01ebcf88ed02bf738a27f7b2&o=,9.7 km from downtown,Opens in new window,"Price KES 50,489"
72,Lux Suites Racecourse Gardens Studio Apartments,Studio,Nairobi,https://cf.bstatic.com/xdata/images/hotel/square240/480282616.webp?k=5e0156e1458678acbc4d4a7c967336c3414b6accee9de20e27713c358942eecf&o=,8.3 km from downtown,Scored 8.6 ,Opens in new window
73,Sarova Stanley,Stanley Room,"Nairobi CBD, Nairobi",https://cf.bstatic.com/xdata/images/hotel/square240/178620791.webp?k=7e9f82c108269c3c29374ab8d546c15afccdd5b66911737c6e3f095763afb7b9&o=,1 km from downtown,Scored 9.0 ,Opens in new window
74,L'Aziz Suites,Standard Apartment,Nairobi,https://cf.bstatic.com/xdata/images/hotel/square240/219344028.webp?k=5d3a4d9d288a95559ec1b29d0f5c279a1c6a023ef6dfffb15d4a8919b48e6af7&o=,3.7 km from downtown,Scored 8.5 ,Opens in new window
75,Ler Homes,One-Bedroom Apartment,Nairobi,https://cf.bstatic.com/xdata/images/hotel/square240/571732849.webp?k=d2ff5cda6f0ee0cb927acc5fd8f32de4b2c21f8c7c6982006405d921ff9099eb&o=,13.1 km from downtown,Scored 7.8 ,Opens in new window
76,SPACIOUS BEDSITTER ALONG EASTERN BYPASS RUIRU,One-Bedroom Apartment,Nairobi,https://cf.bstatic.com/xdata/images/hotel/square240/487314413.webp?k=2ddf65259cb18146d94506599870785cdea4bd8b3bd2e699922171215b14cac6&o=,22.3 km from downtown,Scored 8.8 ,Opens in new window
77,Faith homes near jkia,Double Room,Nairobi,https://cf.bstatic.com/xdata/images/hotel/square240/490571315.webp?k=0a1a368191613b71772971210ec0c10d3f5018d18c11c621f2d0bf26814b6289&o=,15.4 km from downtown,Scored 6.2 ,Opens in new window
78,NEW MVULI FURNISHED APARTMENTs,Studio,Nairobi,https://cf.bstatic.com/xdata/images/hotel/square240/568420639.webp?k=72961a6a941f86617a7247279f477ef4d570a7424f74a820df1ffa5813397d87&o=,2 km from downtown,Scored 9.3 ,Opens in new window
79,Mideya Gardens,Two-Bedroom Apartment,"Lavington, Nairobi",https://cf.bstatic.com/xdata/images/hotel/square240/270049773.webp?k=108276113decdcd9e2bf908fd626b8500d6db5b7284a2949d171e7e0b7df7b36&o=,4.3 km from downtown,Scored 7.4 ,Opens in new window
80,WAWIRA COSY PLACE,One-Bedroom Apartment,Nairobi,https://cf.bstatic.com/xdata/images/hotel/square240/476990636.webp?k=3afd9a4139cadf07305d43c17923c152929acd3da28a499f1e25973fd1a800bf&o=,15.6 km from downtown,Scored 8.2 ,Opens in new window
81,"Executive two bedroom fully furnished apartments at Roasters, Garden estate Thika road",Two-Bedroom Apartment,Nairobi,https://cf.bstatic.com/xdata/images/hotel/square240/502427880.webp?k=7a65daff104e438e92ff37eb67277b9aa648569feac5eb8e17215bad815a4bff&o=,8.4 km from downtown,Scored 7.0 ,Opens in new window
82,Kiloran House,Standard Twin Room with Garden View,"Kilimani, Nairobi",https://cf.bstatic.com/xdata/images/hotel/square240/103604802.webp?k=265a521d978b7f69673ac661317e6848b7a4cd14e07e6d004154b37adfd66b62&o=,3.3 km from downtown,Scored 9.7 ,Opens in new window
83,Comfy studio in donholm,Double Room,Nairobi,https://cf.bstatic.com/xdata/images/hotel/square240/562740461.webp?k=fd2d0db5758167d950daf77d2ad33aa366584126974e8c7b3acdcd8c748ec064&o=,8.9 km from downtown,Scored 8.8 ,Opens in new window
84,Serene Hills Home,One-Bedroom Apartment,"Kilimani, Nairobi",https://cf.bstatic.com/xdata/images/hotel/square240/544844767.webp?k=b18bb8fde4b1530d398d05d5d1956692a9a0fa6711c0c3bbeade04724075b880&o=,4.6 km from downtown,Scored 8.8 ,Opens in new window
85,Covitech Apartments,Apartment,"Kilimani, Nairobi",https://cf.bstatic.com/xdata/images/hotel/square240/106531551.webp?k=8feca0aebf31d8f7cf7b949ed89812de2a61895710dcd4ee19968dde556d4c1e&o=,3.6 km from downtown,Scored 8.4 ,Opens in new window
86,NEW FUNISHED STUDIO RUIRU,One-Bedroom Apartment,Nairobi,https://cf.bstatic.com/xdata/images/hotel/square240/487653832.webp?k=77c66db40de62b14feff17d5b73a6e9d50a6d2b9a2ef5b16597753ad24e6a1fc&o=,22.6 km from downtown,Scored 7.1 ,Opens in new window
87,"Studio apartment at Trm, Thika Road, Roysambu, Lumumba drive-Tsavo Royal Suburbs",One-Bedroom Apartment,Nairobi,https://cf.bstatic.com/xdata/images/hotel/square240/331861210.webp?k=59ee142748830cdc1a264635d83f07df9befbedeaaf5de503bb6166eb9c59c39&o=,11.2 km from downtown,Scored 8.1 ,Opens in new window
88,Zuri Residence,Two-Bedroom Apartment,Nairobi,https://cf.bstatic.com/xdata/images/hotel/square240/478096747.webp?k=13430de72d2c0e2943d5119be0d4bedc62ae64cf4ec7363fd0183ec76e8caca8&o=,4.4 km from downtown,"Price KES 109,885",Opens in new window
89,Toque Hotel,Budget Double Room,Nairobi,https://cf.bstatic.com/xdata/images/hotel/square240/563620027.webp?k=ef65646d950c54d7eaec330267792c41b53894e4b6920848d668a278fd662470&o=,1.9 km from downtown,"Price KES 193,914",Scored 8.3 
90,"Kings Millennium Apartments- 3Bdrm Aprt, All Ensuite, 7km to JKI Airport, 7km to CBD",Apartment,Nairobi,https://cf.bstatic.com/xdata/images/hotel/square240/452261875.webp?k=21a4537415ba3a392ff3e253755d1327e8cb83879c1d69d0d1f2c95e785b9df0&o=,8.3 km from downtown,"Price KES 62,842",Scored 6.0 
91,Stedmak Gardens Karen,Standard Double Room,Nairobi,https://cf.bstatic.com/xdata/images/hotel/square240/452283221.webp?k=5a6c6e0442763cc03ca4d8329604996ce017ec27d7480f6dedfea94d0924e05f&o=,7.9 km from downtown,"Original price KES 826,442. Current price KES 743,798.",Scored 8.9 
92,Sandrock Residence,Three-Bedroom Apartment,Nairobi,https://cf.bstatic.com/xdata/images/hotel/square240/361321150.webp?k=1ea3dabc24ec9e483714ff8a4ce381a7927ae4b2ebe4f077541ef36ed579e246&o=,9.4 km from downtown,"Price KES 137,356",Scored 7.3 
93,Mad Vervet Nairobi Backpackers Hostel,4-Bed Mixed Dormitory Room,Nairobi,https://cf.bstatic.com/xdata/images/hotel/square240/492690385.webp?k=11b51b9d63b313450c48d8eb82b0432a2be95850a21031e61863c0cb1701d9c5&o=,6.7 km from downtown,"Original price KES 592,515. Current price KES 474,012.",Scored 8.4 
94,Milany Homes - NEAR JKIA AIRPORT,Apartment - Ground Floor,Nairobi,https://cf.bstatic.com/xdata/images/hotel/square240/434224612.webp?k=3346c8d0b50260af89e9c373ef44e709fa235b423a064cf13c6164e4f9196256&o=,13.9 km from downtown,"Price KES 117,533",Scored 7.2 
95,Attic Place South B,Studio Apartment,Nairobi,https://cf.bstatic.com/xdata/images/hotel/square240/377281401.webp?k=b7640ff37eac3376c89fcfe0f30846dd0eea3d14a8c8dde5f604aff1c106bf0d&o=,4 km from downtown,"Price KES 115,989",Scored 9.0 
96,Be My Guest Studio,One-Bedroom Apartment,Nairobi,https://cf.bstatic.com/xdata/images/hotel/square240/546124340.webp?k=304eb0078ee01d01541eded8bfe47879e5d9072df40337e709d0d19ea24951a0&o=,14.8 km from downtown,"Price KES 143,640",Scored 9.3 
97,CySuites Apartment Hotel,One-Bedroom Apartment,Nairobi,https://cf.bstatic.com/xdata/images/hotel/square240/238700335.webp?k=c88e03f58097ddafea6cfc5b2efc3fd080bea599f5ecd12295da321f67a0b535&o=,5 km from downtown,Scored 9.3 ,This property matches your criteria and may be ranked higher in your search results. It will pay us a higher commission if you make a booking.
98,Luxury 2 bed near Airport and SGR,Two-Bedroom Apartment,Nairobi,https://cf.bstatic.com/xdata/images/hotel/square240/568094565.webp?k=8813d0a1704f5754c96f67524d28471016624b4f22be5fcf33d1e7e0c3afd371&o=,13.4 km from downtown,Scored 7.7 ,Opens in new window
99,Fenesi Gardens Apartments,One-Bedroom Apartment,"Westlands, Nairobi",https://cf.bstatic.com/xdata/images/hotel/square240/38238697.webp?k=f691ae67ccd98cb204345d384855e65a83e62e3fd7adafb815d42fd69ce7dcca&o=,4.3 km from downtown,Scored 8.2 ,Opens in new window
100,Billionaire studio,One-Bedroom Apartment,"Lavington, Nairobi",https://cf.bstatic.com/xdata/images/hotel/square240/487423432.webp?k=560b3cdd46cbf2d76676531fc93ef81f24a8ed1505bb4c1f9f50ef3f78dda1b6&o=,3.2 km from downtown,Scored 7.7 ,Opens in new window
101,"Glee Nairobi, a Preferred LVX Hotel", Superior Room,Nairobi,https://cf.bstatic.com/xdata/images/hotel/square240/574996625.webp?k=2a35565caf9dae9639f53db20efeaa04bc8c405c8137ac152862045936aff31a&o=,8.6 km from downtown,Scored 7.3 ,Opens in new window
102,Serene Apartment with Pool and Gym!,Two-Bedroom Apartment,Nairobi,https://cf.bstatic.com/xdata/images/hotel/square240/530849937.webp?k=c19b6bd6550a41908ed9f987833f530c2fc9f2e528eccc3c94f07c27e1e74977&o=,10.8 km from downtown,"Price KES 103,026",Opens in new window
103,Saggys Suites Hotel & Spa,Deluxe Suite,"Kilimani, Nairobi",https://cf.bstatic.com/xdata/images/hotel/square240/446936364.webp?k=b362f7af4ca42050715b1c193d39a14f28b5074ad47a698d2ef8695f69110b16&o=,1.8 km from downtown,Opens in new window,"Price KES 45,247"
104,BNB,Deluxe Double Room with Extra Bed,Nairobi,https://cf.bstatic.com/xdata/images/hotel/square240/547315690.webp?k=4a3ec54eadd7b38eebde331720a741f42cb2ed3d8306c0b119052e9e836460bf&o=,12.9 km from downtown,Opens in new window,"Original price KES 511,933. Current price KES 460,739."
105,Hankim Homes,One-Bedroom Apartment,Nairobi,https://cf.bstatic.com/xdata/images/hotel/square240/549236967.webp?k=651a85bd9d2a3fe2e6e026958bd4416e18767ecc53dc39dc9aa2901b41ced693&o=,3.4 km from downtown,Opens in new window,"Price KES 387,828"
106,Baraka Tower Hotel,Standard Double Room,Nairobi,https://cf.bstatic.com/xdata/images/hotel/square240/572088574.webp?k=0f53ca29e3c1410feb97845aa714ecc9217d9e3816e7ecc64af27ce2da5082d6&o=,4 km from downtown,Opens in new window,"Price KES 200,539"
107,Wanderstay kenya,Studio with Balcony,"Kilimani, Nairobi",https://cf.bstatic.com/xdata/images/hotel/square240/541342256.webp?k=cd579c96b3d37e9a1b4600397514e903c2891a5c5938cb0502bcd08f3d6e4dd1&o=,5.1 km from downtown,Opens in new window,"Price KES 248,856"
108,Swiss Lenana Mount Hotel,Superior King Room,"Kilimani, Nairobi",https://cf.bstatic.com/xdata/images/hotel/square240/365853318.webp?k=b85de3bf8a5e0d7fbc1bcaa52707750f273553b49467c2f318b765707430ee35&o=,1.8 km from downtown,Opens in new window,"Price KES 630,220"
109,GemSuites Riverside,Hotel Suite,"Lavington, Nairobi",https://cf.bstatic.com/xdata/images/hotel/square240/103852858.webp?k=7ecb91ac680f09d55ed4c5bff62084edc1c9993029d6487f62a1fe51db0015a4&o=,3.9 km from downtown,Scored 9.3 ,Opens in new window
110,Edmor Residences Riverside,Deluxe Studio,"Lavington, Nairobi",https://cf.bstatic.com/xdata/images/hotel/square240/230077216.webp?k=3e980706c6b9d524236b81c6808c5e670e3cd1bf8f91ae7b39f94e7572b3f263&o=,3.5 km from downtown,"Price KES 244,511",Opens in new window
111,Sky Hotel Nairobi,Standard Double Room,"Westlands, Nairobi",https://cf.bstatic.com/xdata/images/hotel/square240/375324803.webp?k=f3843354d8696cff6a9e698088c3465616672edbd05f0e88406404d2eb6b0b71&o=,4 km from downtown,"Price KES 60,293",Scored 8.9 
112,Kibs Furnished Apartment,One-Bedroom Apartment,Nairobi,https://cf.bstatic.com/xdata/images/hotel/square240/572875827.webp?k=a5eac7123e32858a20fa8733c8dca9af9d29c5db8c2b9c2a8fd8c73ae1218df0&o=,22.8 km from downtown,"Price KES 355,509",Scored 7.2 
113,The_Alpines,Standard Double Room,Nairobi,https://cf.bstatic.com/xdata/images/hotel/square240/478337142.webp?k=a68e3f0f6f4c1fe65b4500c8856e99f79d1adbd4769f3fdb2f7249015d617940&o=,9.6 km from downtown,"Price KES 97,675",Scored 8.0 
114,Yaya Hotel & Apartments,One-Bedroom Luxury Suite,"Kilimani, Nairobi",https://cf.bstatic.com/xdata/images/hotel/square240/357652246.webp?k=d53e60b4fc7ca6d8c46692ad4902447d87f65f0cb7e00bf5e68964157f79db25&o=,3.7 km from downtown,"Original price KES 75,411. Current price KES 68,229.",Scored 8.8 
115,"Elite One Bedroom Apartment,Swimming pool, gym, workspace ,Wonderiss Homes Westland Living",One-Bedroom Apartment,"Westlands, Nairobi",https://cf.bstatic.com/xdata/images/hotel/square240/519869375.webp?k=fa3c582bf01823745e25b7e933c165eb83a45e5c7cd0fcf9562abfcfdccbe400&o=,2.7 km from downtown,"Price KES 54,942",Scored 6.5 
116,Hays Suites Hotel,Economy Double Room,"Kilimani, Nairobi",https://cf.bstatic.com/xdata/images/hotel/square240/326916855.webp?k=aaf6c079f65261141a0243b435c440a7353efa43659d69b0ef1d0eb331b00ce2&o=,3.8 km from downtown,"Price KES 49,448",Scored 8.0 
117,Zendo Suite,Three-Bedroom Apartment,Nairobi,https://cf.bstatic.com/xdata/images/hotel/square240/411516375.webp?k=085c2ba6624b20b2d5b9a6a7367297523e114baae4d020d8c2a8960c20547337&o=,2.4 km from downtown,Opens in new window,"Price KES 76,309"
118,The Premier Suites,Junior Suite,"Gigiri, Nairobi",https://cf.bstatic.com/xdata/images/hotel/square240/376363714.webp?k=96cc7b1e3c51ddeb1de30290df5844da6dc8c0299995524de4353eb88025dde3&o=,6.7 km from downtown,Scored 8.0 ,Opens in new window
119,Tastefully furnished and cosy studio unit near TRM,One-Bedroom Apartment,Nairobi,https://cf.bstatic.com/xdata/images/hotel/square240/571150261.webp?k=4e73cb24accc555cc2923ca3594e13b5f531bac6c03ef107423866cd8e852e69&o=,11.2 km from downtown,Scored 9.2 ,Opens in new window
120,SQ Grand Oyster Apartment,Studio,"Lavington, Nairobi",https://cf.bstatic.com/xdata/images/hotel/square240/534196381.webp?k=0c0fc275b767f9fe8b03b404c54eb29f5ab1ba8f8f96871ffab97df5038c85b2&o=,4.3 km from downtown,Scored 10 ,Opens in new window
121,"elegant,luxurious crestpark apartments",Three-Bedroom Apartment,"Kilimani, Nairobi",https://cf.bstatic.com/xdata/images/hotel/square240/573905930.webp?k=886f1e8eac24c60b2be9f3b6c7775795208338875dfee2f73f0c06ae3b26217c&o=,2.7 km from downtown,"Original price KES 61,047. Current price KES 52,195.",Opens in new window
122,Pearls Paradise,One-Bedroom Apartment,Nairobi,https://cf.bstatic.com/xdata/images/hotel/square240/448656206.webp?k=4892a1de7a245489fe41897ef84e38c3901ac1d6022f9de398273de37e797c5f&o=,4.2 km from downtown,"Price KES 64,638",Scored 6.2 
123,The Blixen Resort & Spa,Standard Double Room,Nairobi,https://cf.bstatic.com/xdata/images/hotel/square240/502841837.webp?k=07c82987c8c7a3739e4810821260f11ba7b661caaf0149855c9b01d36fc3e882&o=,12.4 km from downtown,"Price KES 65,356",Scored 10 
124,A beautiful apartment,Three-Bedroom Apartment,Nairobi,https://cf.bstatic.com/xdata/images/hotel/square240/532806647.webp?k=e6f4101aae28d63d5d859292aef5c35bf578aea97d62b4ace627e225a931f96a&o=,2.8 km from downtown,"Price KES 388,905",Scored 8.8 
125,Eagle Nest furnished studio apartments at Eagle Tower.,One-Bedroom Apartment,"Nairobi CBD, Nairobi",https://cf.bstatic.com/xdata/images/hotel/square240/525393406.webp?k=5ddaff3e3083e3ff20f25d0d7e1cb1e72462c05f2f1bcbf456ee605d92914d1e&o=,1.5 km from downtown,Scored 9.3 ,This property matches your criteria and may be ranked higher in your search results. It will pay us a higher commission if you make a booking.
126,24 West Suite Haven,Studio,Nairobi,https://cf.bstatic.com/xdata/images/hotel/square240/559698790.webp?k=af78f1f97ec23a7f4899aa66466867c7568888706d7ab35620758c3b4ff4561d&o=,1.6 km from downtown,Scored 8.2 ,Opens in new window
127,Christie's apartments Buruburu,One-Bedroom Apartment,Nairobi,https://cf.bstatic.com/xdata/images/hotel/square240/523675856.webp?k=53c8cc8161194ca8628bd2e6378e42cff377064a8c3009a18355a16daacf76b5&o=,6.5 km from downtown,Scored 4.0 ,Opens in new window
128,SILK OAK GUEST HOUSE-KASARANI,Double Room,Nairobi,https://cf.bstatic.com/xdata/images/hotel/square240/561307669.webp?k=9ff111204025d8a3604e46a51c937cd962854bcbb274d7598e08146a1a5d5c09&o=,11.9 km from downtown,"Price KES 91,570",Opens in new window
129,Zamel Homes,One-Bedroom Apartment,Nairobi,https://cf.bstatic.com/xdata/images/hotel/square240/499540049.webp?k=4eefec98b2b16bd8d7dded38a6e24a47f399bc95365f4f40b823da6c383ba3f3&o=,2.5 km from downtown,"Price KES 58,174",Scored 7.7 
130,Wild rose,One-Bedroom Apartment,Nairobi,https://cf.bstatic.com/xdata/images/hotel/square240/502423272.webp?k=e6baf3bdde8c07b62d2a2714a81a31a1b68245be8076173022660ab785cb6ef6&o=,9.6 km from downtown,"Price KES 40,399",Scored 6.8 
131,Bella Vista at Enzi Heights along Mombasa Rd next to Nextgen close to JKIA,One-Bedroom Apartment,Nairobi,https://cf.bstatic.com/xdata/images/hotel/square240/466541261.webp?k=fca9f17f8dad9477094f0295037544ed45b812c1143eed82d4609756b48dad3a&o=,4.4 km from downtown,"Price KES 67,331",Scored 7.8 
132,Gem Comfort Suites,One-Bedroom Apartment,Nairobi,https://cf.bstatic.com/xdata/images/hotel/square240/484867967.webp?k=1d15f6894418a01c522534fda6268c0fafea1bcc64432312d3714cbfde54abbd&o=,9.6 km from downtown,"Price KES 181,602",Scored 7.8 
133,Studio Ndemi gardens apartments,Studio,Nairobi,https://cf.bstatic.com/xdata/images/hotel/square240/461523481.webp?k=f8f148f7f1b7126ebc64b21df7e358d2b3790f29337ad16b39bfb38784c97610&o=,5 km from downtown,Opens in new window,"Price KES 61,047"
134,Kilimani Residence STUDIO,Deluxe King Studio,Nairobi,https://cf.bstatic.com/xdata/images/hotel/square240/563460943.webp?k=a93600e1f4faf4f1ee01761417a93a9316e616428175e88694e44fe7e79ccad1&o=,3 km from downtown,Scored 7.0 ,Opens in new window
135,Lovely 1-bedroom apartment with free parking,One-Bedroom Apartment,Nairobi,https://cf.bstatic.com/xdata/images/hotel/square240/433914254.webp?k=259c83479a1bab8fa436d0b61c738e24cb7a4f16416a9f3c4741f13656bbe557&o=,5.2 km from downtown,Scored 8.9 ,Opens in new window
136,Prime Living Luxury Apartments,Two-Bedroom Standard Apartment ,Nairobi,https://cf.bstatic.com/xdata/images/hotel/square240/207563650.webp?k=3a688e87815c0e55c65ee54d5170ec8dc356498ae28aba8adb8b654da8b09380&o=,4.9 km from downtown,Scored 8.2 ,Opens in new window
137,Attic place South B.,One-Bedroom Apartment,Nairobi,https://cf.bstatic.com/xdata/images/hotel/square240/405701009.webp?k=55d7e3de36e1e05af403869ba7fd42be5a2eb993f3541156a5b836f8ed12d757&o=,2.5 km from downtown,Scored 7.6 ,Opens in new window
138,Lantern Serviced Apartments,Studio,Nairobi,https://cf.bstatic.com/xdata/images/hotel/square240/404641850.webp?k=b580047c0ed37e2be32da9acab54e5781be5646089d73075e1051d0dbbfc2304&o=,2.3 km from downtown,"Original price KES 122,094. Current price KES 97,675.",Opens in new window
139,Comfort plus Suite apartment,Standard King Room,Nairobi,https://cf.bstatic.com/xdata/images/hotel/square240/516758818.webp?k=74bae7011f8ed1fa3250fd3541f0fe3bcfb0106339d6dbe6dfde0bbec38d43f9&o=,2.1 km from downtown,"Price KES 126,367",Scored 8.3 
140,Experience Nairobi,Double Room with Private Bathroom,Nairobi,https://cf.bstatic.com/xdata/images/hotel/square240/535112602.webp?k=58e80daaa81f133310eb9a4f5d73dc51968366eef0daf7543575537b6db7bc54&o=,10.1 km from downtown,"Original price KES 697,184. Current price KES 557,747.",Scored 8.7 
141,Pazoori Furnished Studios and 1 bedrooms,Studio Apartment,Nairobi,https://cf.bstatic.com/xdata/images/hotel/square240/400940642.webp?k=85ff93be2111ea41a38f18dc12beece3df300cc0a245a5bed753f867c070518f&o=,9.6 km from downtown,"Original price KES 607,186. Current price KES 522,180.",Scored 8.0 
142,Lovely & Cozy Compact Studio Near Airport with Rooftop View,One-Bedroom Apartment,Nairobi,https://cf.bstatic.com/xdata/images/hotel/square240/499298781.webp?k=43fa1854eea3e64f6bfa22e1d82f1a4aa3da62c21d2cf2d9f0e01c8c9be0e685&o=,9.8 km from downtown,"Price KES 268,171",Scored 8.5 
143,Furnishedapartments,One-Bedroom Apartment,"Nairobi CBD, Nairobi",https://cf.bstatic.com/xdata/images/hotel/square240/323474083.webp?k=aa0587ab4306b26f986f155b593e1a2f006ce18cc725ef36da35e0d35b206d87&o=,1.6 km from downtown,"Original price KES 109,885. Current price KES 93,940.",Scored 7.4 
144,Pori City Hotel,Standard Double Room,Nairobi,https://cf.bstatic.com/xdata/images/hotel/square240/333763515.webp?k=25e1363df9834af8702c213f45d1729d1c0162a4b91b4f0a990193454ab0568d&o=,5.7 km from downtown,"Price KES 191,041",Scored 8.4 
145,Ryfris Homes,One-Bedroom Apartment,Nairobi,https://cf.bstatic.com/xdata/images/hotel/square240/507824442.webp?k=283e29a860c473b46ea0cd82b222c9e1627e5f789d6430e126b4d648f5a2a77f&o=,26.8 km from downtown,"Price KES 85,968",Scored 9.6 
146,Leah Homes,Double Room,Nairobi,https://cf.bstatic.com/xdata/images/hotel/square240/547273765.webp?k=42dcd172693ab7b2b87a638a6748bb587306ed64d850d51b9af78c6c597ad247&o=,10.1 km from downtown,"Price KES 86,902",Scored 7.7 
147,Paris Hotel,Double Room,"Nairobi CBD, Nairobi",https://cf.bstatic.com/xdata/images/hotel/square240/567232750.webp?k=7763116fd19c19e388e19b62ba6b05fd205b8925313c541f17db7b61f3022453&o=,1.1 km from downtown,"Price KES 197,146",Scored 7.7 
148,Eden Homes - NEAR JKIA & SGR,Apartment,Nairobi,https://cf.bstatic.com/xdata/images/hotel/square240/537558792.webp?k=1eb89392f797efe9e7b475e6299510f907907ac1d41aed12f0e890042bf76f17&o=,13.4 km from downtown,"Price KES 207,301",Scored 9.2 
149,Four Points By Sheraton Nairobi Hurlingham,"Traditional Queen, Guest room, 1 Queen Murphy","Kilimani, Nairobi",https://cf.bstatic.com/xdata/images/hotel/square240/467567726.webp?k=b172c1c073c5bea6bdedbd429030de68657ecbdab637d95b5ad2ddbeb36633e5&o=,2.6 km from downtown,"Price KES 226,843",Scored 8.5 
